{"playerStartPosition":{"x":-7.659999847412109,"y":1.0700000524520875},"cameraSettings":{"cameraTrackTarget":"SoyBoi","trackingSpeed":2.5,"cameraZDepth":0.0,"minX":-100.0,"minY":-100.0,"maxX":100.0,"maxY":100.0},"levelItems":[{"rotation":{"x":0.0,"y":0.0,"z":0.0},"scale":{"x":1.0,"y":1.0,"z":1.0},"position":{"x":-7.021903038024902,"y":-1.941190242767334},"prefabName":"single-block-large","spriteOrder":0,"spriteLayer":"Default","spriteColor":{"r":0.3490196168422699,"g":0.2666666805744171,"b":0.23529411852359773,"a":1.0}}]}